{
    "1": {
        "1": {
            "final_kde_pmf": [
                0.824867559987535,
                0.17513244001246495
            ]
        },
        "2": {
            "final_kde_pmf": [
                0.7878677806029786,
                0.21213221939702143
            ]
        },
        "3": {
            "final_kde_pmf": [
                0.8560965101249461,
                0.14390348987505386
            ]
        },
        "4": {
            "final_kde_pmf": [
                0.8499379909053327,
                0.15006200909466721
            ]
        },
        "5": {
            "final_kde_pmf": [
                0.9935760171306209,
                0.006423982869379015
            ]
        },
        "6": {
            "final_kde_pmf": [
                1.0,
                0
            ]
        },
        "7": {
            "final_kde_pmf": [
                0.8959372772630079,
                0.10406272273699216
            ]
        },
        "8": {
            "final_kde_pmf": [
                0.9057623049219687,
                0.09423769507803122
            ]
        }
    },
    "2": {
        "1": {
            "final_kde_pmf": [
                0.8169172932330827,
                0.1830827067669173
            ]
        },
        "2": {
            "final_kde_pmf": [
                0.7813765182186235,
                0.21862348178137653
            ]
        },
        "3": {
            "final_kde_pmf": [
                0.8648648648648649,
                0.13513513513513514
            ]
        },
        "4": {
            "final_kde_pmf": [
                0.842023346303502,
                0.15797665369649805
            ]
        },
        "5": {
            "final_kde_pmf": [
                0.9900819318671842,
                0.009918068132815868
            ]
        },
        "6": {
            "final_kde_pmf": [
                1.0,
                0
            ]
        },
        "7": {
            "final_kde_pmf": [
                0.9104631217838765,
                0.0895368782161235
            ]
        },
        "8": {
            "final_kde_pmf": [
                0.9048525214081827,
                0.09514747859181731
            ]
        }
    },
    "3": {
        "1": {
            "final_kde_pmf": [
                0.8171868666396432,
                0.1828131333603567
            ]
        },
        "2": {
            "final_kde_pmf": [
                0.775623268698061,
                0.22437673130193905
            ]
        },
        "3": {
            "final_kde_pmf": [
                0.8724727838258165,
                0.12752721617418353
            ]
        },
        "4": {
            "final_kde_pmf": [
                0.848048503220917,
                0.15195149677908298
            ]
        },
        "5": {
            "final_kde_pmf": [
                0.9912493923189111,
                0.008750607681088965
            ]
        },
        "6": {
            "final_kde_pmf": [
                1.0,
                0
            ]
        },
        "7": {
            "final_kde_pmf": [
                0.9036096786989289,
                0.096390321301071
            ]
        },
        "8": {
            "final_kde_pmf": [
                0.9171270718232044,
                0.08287292817679558
            ]
        }
    }
}