{
    "1": {
        "1": {
            "1": {
                "1": 0.0,
                "2": 0.9317544406357121,
                "3": 0.06824555936428794
            },
            "2": {
                "1": 0.0844650546538589,
                "2": 0.0,
                "3": 0.9155349453461411
            },
            "3": {
                "1": 0.014247425588940613,
                "2": 0.06883904640993088,
                "3": 0.9169135280011285
            }
        },
        "2": {
            "1": {
                "1": 0.0,
                "2": 0.9269887395568471,
                "3": 0.07301126044315293
            },
            "2": {
                "1": 0.09502262443438914,
                "2": 0.0,
                "3": 0.9049773755656109
            },
            "3": {
                "1": 0.015312556296162854,
                "2": 0.039632498648892095,
                "3": 0.945054945054945
            }
        },
        "3": {
            "1": {
                "1": 0.0,
                "2": 0.92675570874623,
                "3": 0.07324429125376992
            },
            "2": {
                "1": 0.07183609958506224,
                "2": 0.0,
                "3": 0.9281639004149378
            },
            "3": {
                "1": 0.007405693126591067,
                "2": 0.0571626938208748,
                "3": 0.9354316130525341
            }
        },
        "4": {
            "1": {
                "1": 0.0,
                "2": 0.8772219925589086,
                "3": 0.12277800744109137
            },
            "2": {
                "1": 0.11511511511511512,
                "2": 0.0,
                "3": 0.8848848848848849
            },
            "3": {
                "1": 0.006265383754754978,
                "2": 0.08301633475050346,
                "3": 0.9107182814947415
            }
        },
        "5": {
            "1": {
                "1": 0.0,
                "2": 0.8920159070052004,
                "3": 0.10798409299479964
            },
            "2": {
                "1": 0.03496828098406313,
                "2": 0.0,
                "3": 0.9650317190159369
            },
            "3": {
                "1": 0.019652305366591082,
                "2": 0.03764172335600907,
                "3": 0.9427059712773999
            }
        },
        "6": {
            "1": {
                "1": 0.0,
                "2": 0.9072398190045249,
                "3": 0.09276018099547512
            },
            "2": {
                "1": 0.08938906752411575,
                "2": 0.0,
                "3": 0.9106109324758842
            },
            "3": {
                "1": 0.014163372859025032,
                "2": 0.04018445322793149,
                "3": 0.9456521739130435
            }
        },
        "7": {
            "1": {
                "1": 0.0,
                "2": 0.9697077690662865,
                "3": 0.03029223093371347
            },
            "2": {
                "1": 0.10768863419293219,
                "2": 0.0,
                "3": 0.8923113658070678
            },
            "3": {
                "1": 0.021585051546391752,
                "2": 0.0586340206185567,
                "3": 0.9197809278350515
            }
        },
        "8": {
            "1": {
                "1": 0.0,
                "2": 0.8883553421368547,
                "3": 0.11164465786314526
            },
            "2": {
                "1": 0.027890238416554206,
                "2": 0.0,
                "3": 0.9721097615834458
            },
            "3": {
                "1": 0.012345679012345678,
                "2": 0.035842293906810034,
                "3": 0.9518120270808443
            }
        }
    },
    "2": {
        "1": {
            "1": {
                "1": 0.0,
                "2": 0.9368421052631579,
                "3": 0.06315789473684211
            },
            "2": {
                "1": 0.08864758144126357,
                "2": 0.0,
                "3": 0.9113524185587364
            },
            "3": {
                "1": 0.016636468456596935,
                "2": 0.06456926371273267,
                "3": 0.9187942678306704
            }
        },
        "2": {
            "1": {
                "1": 0.0,
                "2": 0.9220647773279352,
                "3": 0.07793522267206478
            },
            "2": {
                "1": 0.09342177998894417,
                "2": 0.0,
                "3": 0.9065782200110558
            },
            "3": {
                "1": 0.012571157495256167,
                "2": 0.038662239089184064,
                "3": 0.9487666034155597
            }
        },
        "3": {
            "1": {
                "1": 0.0,
                "2": 0.9225225225225225,
                "3": 0.07747747747747748
            },
            "2": {
                "1": 0.058389912706110575,
                "2": 0.0,
                "3": 0.9416100872938894
            },
            "3": {
                "1": 0.0072831978319783195,
                "2": 0.05911246612466125,
                "3": 0.9336043360433605
            }
        },
        "4": {
            "1": {
                "1": 0.0,
                "2": 0.8754863813229572,
                "3": 0.1245136186770428
            },
            "2": {
                "1": 0.11370202228642179,
                "2": 0.0,
                "3": 0.8862979777135782
            },
            "3": {
                "1": 0.004861361181130717,
                "2": 0.09038530788620813,
                "3": 0.9047533309326612
            }
        },
        "5": {
            "1": {
                "1": 0.0,
                "2": 0.9038378611470461,
                "3": 0.09616213885295385
            },
            "2": {
                "1": 0.036293766011955594,
                "2": 0.0,
                "3": 0.9637062339880444
            },
            "3": {
                "1": 0.022592905405405407,
                "2": 0.033150337837837836,
                "3": 0.9442567567567568
            }
        },
        "6": {
            "1": {
                "1": 0.0,
                "2": 0.925561797752809,
                "3": 0.07443820224719101
            },
            "2": {
                "1": 0.0819226750261233,
                "2": 0.0,
                "3": 0.9180773249738767
            },
            "3": {
                "1": 0.015161502966381015,
                "2": 0.036036036036036036,
                "3": 0.9488024609975829
            }
        },
        "7": {
            "1": {
                "1": 0.0,
                "2": 0.9732418524871355,
                "3": 0.026758147512864493
            },
            "2": {
                "1": 0.11402827404070219,
                "2": 0.0,
                "3": 0.8859717259592979
            },
            "3": {
                "1": 0.020061936178807055,
                "2": 0.057627575063955834,
                "3": 0.9223104887572371
            }
        },
        "8": {
            "1": {
                "1": 0.0,
                "2": 0.9039010466222646,
                "3": 0.0960989533777355
            },
            "2": {
                "1": 0.031131359149582385,
                "2": 0.0,
                "3": 0.9688686408504176
            },
            "3": {
                "1": 0.010901883052527254,
                "2": 0.03501816980508755,
                "3": 0.9540799471423852
            }
        }
    },
    "3": {
        "1": {
            "1": {
                "1": 0.0,
                "2": 0.9290636400486421,
                "3": 0.07093635995135793
            },
            "2": {
                "1": 0.08423136133714537,
                "2": 0.0,
                "3": 0.9157686386628546
            },
            "3": {
                "1": 0.014039452639061667,
                "2": 0.06504354007464012,